Month and year,Ad unit,Impressions,Viewability,Ad requests
06/2021,APP_MMTelediarioCR,159,"0,79",67200
06/2021,Default,132608,"0,47",45684
06/2021,MMBajio,253,"0,41",470
06/2021,MMCostaRica,28894,"0,41",46718
06/2021,MMDigital,5054971,"0,50",6422668
06/2021,MMDigital_App,0,"0,00",600
06/2021,MMLaguna,153356,"0,38",28284
06/2021,MMLaguna_App,4035,"0,71",752
06/2021,MMPuebla,544043,"0,24",90346
06/2021,MMRadio,179397,"0,46",27579
06/2021,MMTelediarioBajio,97926,"0,31",16139
06/2021,MMTelediarioCR,110099,"0,36",18822
06/2021,MMTelediarioGDL,200709,"0,35",28804
06/2021,MMTelediarioJuarez,432,"0,87",47600
06/2021,MMTelediarioLaguna,3104429,"0,33",7515985
06/2021,MMTelediarioMty,13272196,"0,37",21643844
06/2021,MMTelediarioMx,1545385,"0,43",3005317
06/2021,MMTelediarioSaltillo,3752,"0,56",537
06/2021,Multimedios_APP,196756,"0,74",37361
06/2021,Multimedios_Radio,29044,"0,88",3061
06/2021,Telediario_APP,3428,"0,74",7522
07/2021,AMP_MMTelediarioCR,3006,"0,66",5648
07/2021,APP_MMTelediarioCR,4457,"0,79",873
07/2021,Default,447015,"0,46",1360074
07/2021,MMBajio,8998,"0,47",1913
07/2021,MMCostaRica,6781,"0,42",1020
07/2021,MMDigital,16033983,"0,54",20508926
07/2021,MMDigital_App,4,"1,00",2800
07/2021,MMLaguna,421968,"0,41",73826
07/2021,MMLaguna_App,9496,"0,74",1787
07/2021,MMPuebla,482353,"0,32",70034
07/2021,MMRadio,330355,"0,46",51939
07/2021,MMTelediarioBajio,240863,"0,34",35227
07/2021,MMTelediarioCR,3004393,"0,27",4646024
07/2021,MMTelediarioGDL,646804,"0,35",97880
07/2021,MMTelediarioJuarez,910,"0,87",110
07/2021,MMTelediarioLaguna,16636766,"0,36",40211323
07/2021,MMTelediarioMty,30320033,"0,37",48312130
07/2021,MMTelediarioMx,3318013,"0,41",6165887
07/2021,MMTelediarioSaltillo,13782,"0,54",2073
07/2021,Multimedios_APP,492458,"0,73",96800
07/2021,Multimedios_Radio,84752,"0,89",8881
07/2021,Telediario_APP,88904,"0,73",19955
08/2021,AMP_MMTelediarioCR,23486,"0,70",4463
08/2021,APP_MMTelediarioCR,3642,"0,78",763
08/2021,Default,233258,"0,44",67776
08/2021,MMBajio,9849,"0,41",1622
08/2021,MMCostaRica,797,"0,16",268
08/2021,MMDigital,12244085,"0,57",15375252
08/2021,MMDigital_App,2,"1,00",5700
08/2021,MMLaguna,632188,"0,33",1088748
08/2021,MMLaguna_App,11987,"0,80",1537
08/2021,MMPuebla,781465,"0,33",1116679
08/2021,MMRadio,342564,"0,45",52023
08/2021,MMTelediarioBajio,284473,"0,30",40429
08/2021,MMTelediarioCR,2797812,"0,24",4033653
08/2021,MMTelediarioGDL,696404,"0,33",92963
08/2021,MMTelediarioJuarez,968,"0,84",108
08/2021,MMTelediarioLaguna,15762002,"0,38",40557217
08/2021,MMTelediarioMty,31334114,"0,37",49911496
08/2021,MMTelediarioMx,2616001,"0,41",4586470
08/2021,MMTelediarioSaltillo,11889,"0,55",1781
08/2021,Multimedios_APP,526109,"0,73",99878
08/2021,Multimedios_Radio,101826,"0,89",10641
08/2021,Telediario_APP,99023,"0,74",21335
09/2021,AMP_MMTelediarioCR,119847,"0,66",20125
09/2021,APP_MMTelediarioCR,7163,"0,81",1315
09/2021,Default,106692,"0,43",47043
09/2021,MMBajio,14804,"0,41",2583
09/2021,MMCostaRica,2768,"0,08",476
09/2021,MMDigital,8673295,"0,51",10854367
09/2021,MMDigital_App,0,"0,00",10200
09/2021,MMLaguna,41238,"0,42",67758
09/2021,MMLaguna_App,8358,"0,80",1073
09/2021,MMPuebla,323227,"0,32",43341
09/2021,MMRadio,333421,"0,43",46422
09/2021,MMTelediarioBajio,144924,"0,36",20144
09/2021,MMTelediarioCR,2685479,"0,26",3662912
09/2021,MMTelediarioGDL,1068675,"0,32",1312109
09/2021,MMTelediarioJuarez,901,"0,85",105
09/2021,MMTelediarioLaguna,13361804,"0,24",24175801
09/2021,MMTelediarioMty,20273850,"0,33",28752134
09/2021,MMTelediarioMx,4128275,"0,33",6310408
09/2021,MMTelediarioSaltillo,10731,"0,55",1449
09/2021,Multimedios_APP,427855,"0,74",82168
09/2021,Multimedios_Radio,92009,"0,90",9548
09/2021,Telediario_APP,8506,"0,72",19644
10/2021,AMP_MMTelediarioCR,75094,"0,71",13010
10/2021,APP_MMTelediarioCR,11862,"0,81",2079
10/2021,Default,90658,"0,41",38028
10/2021,MMBajio,1061,"0,39",1697
10/2021,MMCostaRica,6776,"0,08",1238
10/2021,MMDigital,10248173,"0,49",13059726
10/2021,MMDigital_App,37,"0,77",5200
10/2021,MMLaguna,493707,"0,40",83337
10/2021,MMLaguna_App,7754,"0,81",970
10/2021,MMPuebla,462493,"0,30",74461
10/2021,MMRadio,308032,"0,45",44015
10/2021,MMTelediarioBajio,1568,"0,32",20844
10/2021,MMTelediarioCR,1967643,"0,31",2734012
10/2021,MMTelediarioGDL,766483,"0,34",95981
10/2021,MMTelediarioJuarez,759,"0,85",88600
10/2021,MMTelediarioLaguna,20855370,"0,23",35724065
10/2021,MMTelediarioMty,27282846,"0,30",36582805
10/2021,MMTelediarioMx,6469215,"0,28",8378347
10/2021,MMTelediarioSaltillo,9181,"0,56",1255
10/2021,MultimediosTest,0,"0,00",600
10/2021,Multimedios_APP,585095,"0,79",77827
10/2021,Multimedios_Radio,85273,"0,89",8768
10/2021,NewTelediarioMx,593,"0,69",135
10/2021,Telediario_APP,156165,"0,79",21418
11/2021,AMP_MMTelediarioCR,86018,"0,69",14606
11/2021,AMP_NewTelediarioMx,35948,"0,53",10398
11/2021,APP_MMTelediarioCR,22826,"0,79",4046
11/2021,APP_NewTDMx,46568,"0,77",6092
11/2021,Default,65059,"0,44",16680
11/2021,MMBajio,12507,"0,39",1763
11/2021,MMCostaRica,4886,"0,06",1003
11/2021,MMDigital,9266668,"0,52",11593060
11/2021,MMDigital_App,38,"0,79",4100
11/2021,MMDigital_Passback,271,"0,00",63800
11/2021,MMLaguna,421875,"0,40",66820
11/2021,MMLaguna_App,5495,"0,81",685
11/2021,MMPuebla,202253,"0,38",33266
11/2021,MMRadio,361907,"0,44",49720
11/2021,MMTelediarioBajio,165303,"0,30",21373
11/2021,MMTelediarioCR,3357353,"0,24",4957941
11/2021,MMTelediarioGDL,664221,"0,31",83122
11/2021,MMTelediarioJuarez,921,"0,85",104
11/2021,MMTelediarioLaguna,9986247,"0,22",16518482
11/2021,MMTelediarioMty,16570242,"0,29",21287504
11/2021,MMTelediarioMx,3693595,"0,28",4862249
11/2021,MMTelediarioSaltillo,982,"0,52",1317
11/2021,MultimediosTest,0,"0,00",600
11/2021,Multimedios_APP,404429,"0,82",48809
11/2021,Multimedios_Radio,80834,"0,91",8304
11/2021,NewTelediarioMx,2955348,"0,37",5673200
11/2021,Tablet_APP_NewTDMx,320,"0,93",34300
11/2021,Telediario_APP,159009,"0,83",19355
12/2021,AMP_MMTelediarioCR,127282,"0,59",16309
12/2021,AMP_NewTelediarioMx,3259158,"0,62",3954727
12/2021,APP_MMTelediarioCR,42115,"0,78",7514
12/2021,APP_NewTDMx,42025,"0,77",62810
12/2021,Default,18428,"0,47",3693
12/2021,MMBajio,10342,"0,38",1468
12/2021,MMCostaRica,915,"0,06",188
12/2021,MMDigital,6845333,"0,51",8099875
12/2021,MMDigital_App,46,"0,74",4900
12/2021,MMDigital_Passback,141801,"0,18",23523
12/2021,MMLaguna,249157,"0,47",36414
12/2021,MMLaguna_App,1078,"0,92",151
12/2021,MMPuebla,1014,"0,42",1787
12/2021,MMRadio,401456,"0,43",55353
12/2021,MMTelediarioBajio,3893,"0,84",438
12/2021,MMTelediarioCR,3086418,"0,32",4464539
12/2021,MMTelediarioGDL,2932,"0,40",419
12/2021,MMTelediarioJuarez,827,"0,87",95400
12/2021,MMTelediarioLaguna,1125,"0,09",378
12/2021,MMTelediarioMty,5446,"0,07",1309
12/2021,MMTelediarioMx,2315,"0,12",598
12/2021,MMTelediarioSaltillo,8795,"0,53",1205
12/2021,Multimedios_APP,154925,"0,89",18688
12/2021,Multimedios_Radio,7765,"0,90",8004
12/2021,NewTelediarioMx,26541377,"0,25",36928221
12/2021,Tablet_APP_NewTDMx,1227,"0,96",128
12/2021,Telediario_APP,1942,"0,92",2395
01/2022,AMP_MMTelediarioCR,156479,"0,61",19556
01/2022,AMP_NewTelediarioMx,2616161,"0,63",3178225
01/2022,APP_MMTelediarioCR,27249,"0,80",5003
01/2022,APP_NewTDMx,52317,"0,75",86136
01/2022,Default,21033,"0,49",4134
01/2022,MMBajio,5733,"0,40",909
01/2022,MMCostaRica,34,"0,06",11200
01/2022,MMDigital,8416985,"0,48",12306826
01/2022,MMDigital_App,38,"0,63",4400
01/2022,MMDigital_Passback,220641,"0,26",39108
01/2022,MMLaguna,222618,"0,53",34138
01/2022,MMLaguna_App,847,"0,94",114
01/2022,MMPuebla,5246,"0,55",858
01/2022,MMRadio,461216,"0,45",66852
01/2022,MMTelediarioBajio,1605,"0,91",436
01/2022,MMTelediarioCR,4317845,"0,31",7556930
01/2022,MMTelediarioGDL,2232,"0,38",276
01/2022,MMTelediarioJuarez,214,"0,83",89000
01/2022,MMTelediarioLaguna,309,"0,07",108
01/2022,MMTelediarioMty,1002,"0,08",292
01/2022,MMTelediarioMx,475,"0,16",113
01/2022,MMTelediarioSaltillo,8249,"0,45",1479
01/2022,MultimediosTest,0,"0,00",400
01/2022,Multimedios_APP,155052,"0,90",18762
01/2022,Multimedios_Radio,7613,"0,88",7838
01/2022,NewTelediarioMx,32986386,"0,24",49052412
01/2022,Tablet_APP_NewTDMx,1471,"0,96",153
01/2022,Telediario_APP,341,"0,91",431
02/2022,AMP_MMTelediarioCR,96833,"0,60",12223
02/2022,AMP_NewTelediarioMx,1993945,"0,63",2461654
02/2022,APP_MMTelediarioCR,22698,"0,83",4631
02/2022,APP_NewTDMx,411446,"0,78",70142
02/2022,Default,14197,"0,47",2802
02/2022,MMBajio,191,"0,42",35800
02/2022,MMCostaRica,111,"0,09",21100
02/2022,MMDigital,7990169,"0,46",10432368
02/2022,MMDigital_App,53,"0,83",5900
02/2022,MMDigital_Passback,166984,"0,34",21915
02/2022,MMLaguna,35777,"0,83",4757
02/2022,MMLaguna_App,636,"0,93",89200
02/2022,MMPuebla,1255,"0,90",217
02/2022,MMRadio,440581,"0,44",63905
02/2022,MMTelediarioBajio,2283,"0,91",386
02/2022,MMTelediarioCR,3119920,"0,37",6685384
02/2022,MMTelediarioGDL,16,"0,06",3100
02/2022,MMTelediarioJuarez,500,"0,83",93000
02/2022,MMTelediarioLaguna,56,"0,04",36500
02/2022,MMTelediarioMty,256,"0,09",129
02/2022,MMTelediarioMx,76,"0,08",22900
02/2022,MMTelediarioSaltillo,8921,"0,53",1420
02/2022,MultimediosTest,2,"1,00",500
02/2022,Multimedios_APP,125773,"0,90",15307
02/2022,Multimedios_Radio,11033,"0,90",11272
02/2022,NewTelediarioMx,17788995,"0,28",27530127
02/2022,Tablet_APP_NewTDMx,1024,"0,95",107
02/2022,Telediario_APP,1947,"0,89",249
03/2022,AMP_MMTelediarioCR,108873,"0,61",13169
03/2022,AMP_NewTelediarioMx,2418358,"0,65",2888508
03/2022,APP_MMTelediarioCR,18668,"0,84",3803
03/2022,APP_NewTDMx,425441,"0,76",73047
03/2022,Default,11357,"0,45",2616
03/2022,MMCostaRica,44,"0,03",18500
03/2022,MMDigital,9427757,"0,49",11601924
03/2022,MMDigital_App,52,"0,90",5300
03/2022,MMDigital_Passback,117838,"0,08",17604
03/2022,MMLaguna,33316,"0,88",4032
03/2022,MMLaguna_App,581,"0,94",81900
03/2022,MMPuebla,1625,"0,90",214
03/2022,MMRadio,445647,"0,45",66148
03/2022,MMTelediarioBajio,3567,"0,89",409
03/2022,MMTelediarioCR,3831587,"0,35",8019522
03/2022,MMTelediarioJuarez,674,"0,80",86000
03/2022,MMTelediarioLaguna,29,"0,03",17600
03/2022,MMTelediarioMty,217,"0,11",99000
03/2022,MMTelediarioMx,37,"0,06",9200
03/2022,MMTelediarioSaltillo,9082,"0,53",1337
03/2022,MultimediosTest,0,"0,00",100
03/2022,Multimedios_APP,147155,"0,90",17746
03/2022,Multimedios_Radio,114592,"0,90",11763
03/2022,NewTelediarioMx,20819417,"0,30",30775258
03/2022,Tablet_APP_NewTDMx,1028,"0,97",107
03/2022,Telediario_APP,1557,"0,89",202
04/2022,AMP_MMTelediarioCR,211861,"0,59",25602
04/2022,AMP_NewTelediarioMx,9547491,"0,67",14076661
04/2022,APP_MMTelediarioCR,26414,"0,81",5001
04/2022,APP_NewTDMx,408257,"0,79",67329
04/2022,Default,6948,"0,45",6638
04/2022,MMBajio,5,"0,00",700
04/2022,MMCostaRica,46,"0,14",13100
04/2022,MMDigital,22821427,"0,42",26668947
04/2022,MMDigital_App,51,"0,78",6300
04/2022,MMDigital_Passback,99009,"0,10",22801
04/2022,MMLaguna,5289,"0,86",1036
04/2022,MMLaguna_App,559,"0,94",78500
04/2022,MMPuebla,787,"0,88",165
04/2022,MMRadio,434682,"0,44",61902
04/2022,MMTelediarioBajio,1944,"0,93",344
04/2022,MMTelediarioCR,5019778,"0,31",10004928
04/2022,MMTelediarioGDL,0,"0,00",700
04/2022,MMTelediarioJuarez,494,"0,84",89600
04/2022,MMTelediarioLaguna,33,"0,11",14800
04/2022,MMTelediarioMty,156,"0,04",71400
04/2022,MMTelediarioMx,64,"0,00",25800
04/2022,MMTelediarioSaltillo,6189,"0,50",1075
04/2022,Multimedios_APP,128141,"0,91",15549
04/2022,Multimedios_Radio,92686,"0,90",9504
04/2022,NewTelediarioMx,55316097,"0,20",65093555
04/2022,Tablet_APP_NewTDMx,858,"0,96",90000
04/2022,Telediario_APP,103,"0,88",133
05/2022,AMP_MMTelediarioCR,138762,"0,58",16820
05/2022,AMP_NewTelediarioMx,5077905,"0,64",6104233
05/2022,APP_MMTelediarioCR,23295,"0,80",4379
05/2022,APP_NewTDMx,344608,"0,84",57198
05/2022,Default,4747,"0,43",10392
05/2022,MMCostaRica,673,"0,04",140
05/2022,MMDigital,18721455,"0,51",22374185
05/2022,MMDigital_App,13,"0,60",1400
05/2022,MMDigital_Passback,83413,"0,14",14696
05/2022,MMLaguna,11356,"0,91",2184
05/2022,MMLaguna_App,429,"0,94",63600
05/2022,MMPuebla,975,"0,90",202
05/2022,MMRadio,453589,"0,44",62728
05/2022,MMTelediarioBajio,3001,"0,91",399
05/2022,MMTelediarioCR,5522032,"0,26",11482517
05/2022,MMTelediarioGDL,5,"0,25",900
05/2022,MMTelediarioJuarez,648,"0,82",96900
05/2022,MMTelediarioLaguna,20,"0,00",5600
05/2022,MMTelediarioMty,88,"0,06",32500
05/2022,MMTelediarioMx,33,"0,13",9900
05/2022,MMTelediarioSaltillo,6801,"0,50",1110
05/2022,Multimedios_APP,123953,"0,90",15270
05/2022,Multimedios_Radio,114722,"0,90",11724
05/2022,NewTelediarioMx,28339240,"0,22",34605730
05/2022,Tablet_APP_NewTDMx,942,"0,95",102
05/2022,Telediario_APP,961,"0,88",124
06/2022,AMP_MMTelediarioCR,205137,"0,58",26860
06/2022,AMP_NewTelediarioMx,4552591,"0,64",6224922
06/2022,APP_MMTelediarioCR,24463,"0,80",5326
06/2022,APP_NewTDMx,216605,"0,83",50125
06/2022,Default,4669,"0,44",2349
06/2022,MMCostaRica,2389,"0,04",476
06/2022,MMDigital,18540102,"0,53",23528294
06/2022,MMDigital_App,3,"0,00",300
06/2022,MMDigital_Passback,9668,"0,14",16689
06/2022,MMLaguna,14109,"0,93",2748
06/2022,MMLaguna_App,277,"0,89",40500
06/2022,MMPuebla,905,"0,90",206
06/2022,MMRadio,304724,"0,46",42724
06/2022,MMTelediarioBajio,2348,"0,93",412
06/2022,MMTelediarioCR,7044743,"0,24",15060599
06/2022,MMTelediarioGDL,2,"0,00",200
06/2022,MMTelediarioJuarez,456,"0,83",99700
06/2022,MMTelediarioLaguna,11,"0,00",3600
06/2022,MMTelediarioMty,68,"0,07",23500
06/2022,MMTelediarioMx,31,"0,00",5200
06/2022,MMTelediarioSaltillo,6745,"0,50",1126
06/2022,Multimedios_APP,94754,"0,88",16034
06/2022,Multimedios_Radio,66189,"0,89",6833
06/2022,NewTelediarioMx,27807934,"0,21",35212205
06/2022,Tablet_APP_NewTDMx,112,"0,96",141
06/2022,Telediario_APP,796,"0,90",103
07/2022,AMP_MMTelediarioCR,115082,"0,67",15506
07/2022,AMP_NewTelediarioMx,3860583,"0,66",5420854
07/2022,APP_MMTelediarioCR,2239,"0,81",5241
07/2022,APP_NewTDMx,203289,"0,82",52782
07/2022,Default,4469,"0,45",2240
07/2022,MMCostaRica,990,"0,04",223
07/2022,MMDigital,13927525,"0,45",17739950
07/2022,MMDigital_App,3,"1,00",300
07/2022,MMDigital_Passback,89473,"0,12",15018
07/2022,MMLaguna,127,"0,83",941
07/2022,MMLaguna_App,182,"0,94",28800
07/2022,MMPuebla,126,"0,91",550
07/2022,MMRadio,296809,"0,46",41242
07/2022,MMTelediarioBajio,193,"0,91",437
07/2022,MMTelediarioCR,6481561,"0,24",13204425
07/2022,MMTelediarioJuarez,298,"0,76",95700
07/2022,MMTelediarioLaguna,10,"0,22",2200
07/2022,MMTelediarioMty,75,"0,07",18600
07/2022,MMTelediarioMx,92,"0,00",11000
07/2022,MMTelediarioSaltillo,5303,"0,48",936
07/2022,Multimedios_APP,98199,"0,88",16345
07/2022,Multimedios_Radio,89333,"0,90",9201
07/2022,NewTelediarioMx,22042954,"0,22",28381287
07/2022,Tablet_APP_NewTDMx,921,"0,96",98300
07/2022,Telediario_APP,526,"0,90",73600
08/2022,AMP_MMTelediarioCR,89905,"0,62",11671
08/2022,AMP_NewTelediarioMx,632901,"0,56",1095578
08/2022,APP_MMTelediarioCR,18075,"0,82",3996
08/2022,APP_NewTDMx,210809,"0,84",51101
08/2022,Default,4633,"0,44",3545
08/2022,MMCostaRica,22,"0,06",4900
08/2022,MMDigital,14353785,"0,48",17433972
08/2022,MMDigital_App,5,"0,40",1200
08/2022,MMDigital_Passback,63524,"0,13",11005
08/2022,MMLaguna,2371,"0,90",1694
08/2022,MMLaguna_App,265,"0,96",40700
08/2022,MMPuebla,122,"0,90",506
08/2022,MMRadio,338196,"0,45",41719
08/2022,MMTelediarioBajio,4182,"0,92",478
08/2022,MMTelediarioCR,4908485,"0,26",10552795
08/2022,MMTelediarioJuarez,1306,"0,90",155
08/2022,MMTelediarioLaguna,15,"0,27",4400
08/2022,MMTelediarioMty,64,"0,05",18500
08/2022,MMTelediarioMx,136,"0,06",15700
08/2022,MMTelediarioSaltillo,5527,"0,60",780
08/2022,Multimedios_APP,100823,"0,89",17750
08/2022,Multimedios_Radio,102993,"0,91",10572
08/2022,NewTelediarioMx,16587277,"0,25",21110246
08/2022,Tablet_APP_NewTDMx,737,"0,98",80700
08/2022,Telediario_APP,339,"0,92",42400
09/2022,AMP_MMTelediarioCR,242324,"0,57",29851
09/2022,AMP_NewTelediarioMx,361542,"0,52",79675
09/2022,APP_MMTelediarioCR,17968,"0,80",4013
09/2022,APP_NewTDMx,244315,"0,84",56672
09/2022,Default,7053,"0,53",5098
09/2022,MMBajio,2,"1,00",200
09/2022,MMCostaRica,8,"0,00",2300
09/2022,MMDigital,10350079,"0,48",12619162
09/2022,MMDigital_App,2,"1,00",600
09/2022,MMDigital_Passback,51873,"0,11",9121
09/2022,MMLaguna,8456,"0,93",1862
09/2022,MMLaguna_App,225,"0,92",33900
09/2022,MMPuebla,868,"0,88",228
09/2022,MMRadio,298533,"0,42",35961
09/2022,MMTelediarioBajio,3561,"0,92",407
09/2022,MMTelediarioCR,5465972,"0,27",12346620
09/2022,MMTelediarioJuarez,396,"0,84",55200
09/2022,MMTelediarioLaguna,1,"0,00",2100
09/2022,MMTelediarioMty,30,"0,10",8400
09/2022,MMTelediarioMx,92,"0,06",11900
09/2022,MMTelediarioSaltillo,3573,"0,58",521
09/2022,Multimedios_APP,118177,"0,89",20253
09/2022,Multimedios_Radio,79019,"0,90",8159
09/2022,NewTelediarioMx,15867940,"0,26",20150641
09/2022,Tablet_APP_NewTDMx,837,"0,99",88900
09/2022,Telediario_APP,227,"0,91",30200
10/2022,AMP_MMTelediarioCR,29073,"0,62",35852
10/2022,AMP_NewTelediarioMx,786607,"0,64",93866
10/2022,APP_Classic,4,"1,00",13300
10/2022,APP_D99,10,"0,90",45700
10/2022,APP_FMtu,10,"1,00",33900
10/2022,APP_Hits,96,"0,97",44300
10/2022,APP_LaCaliente,22,"1,00",61900
10/2022,APP_LaLupe,15,"1,00",45300
10/2022,APP_MMTelediarioCR,14636,"0,78",3476
10/2022,APP_NewTDMx,213775,"0,84",56554
10/2022,APP_RGLaDeportiva,13,"1,00",41200
10/2022,Default,12684,"0,63",3238
10/2022,MMCostaRica,15,"0,13",4100
10/2022,MMDigital,8420387,"0,47",10621256
10/2022,MMDigital_App,1,"0,00",100
10/2022,MMDigital_Passback,49888,"0,11",8388
10/2022,MMLaguna,11703,"0,92",1951
10/2022,MMLaguna_App,210,"0,88",32500
10/2022,MMPuebla,1252,"0,86",195
10/2022,MMRadio,299431,"0,42",36782
10/2022,MMTelediarioBajio,1328,"0,89",170
10/2022,MMTelediarioCR,6268536,"0,25",13988467
10/2022,MultimediosTest,9,"0,78",1400
10/2022,Multimedios_APP,113039,"0,89",19017
10/2022,Multimedios_Radio,102805,"0,91",10675
10/2022,NewTelediarioMx,13411052,"0,26",17088547
10/2022,Tablet_APP_Classic,0,"0,00",15400
10/2022,Tablet_APP_D99,0,"0,00",23100
10/2022,Tablet_APP_FMtu,0,"0,00",400
10/2022,Tablet_APP_Hits,0,"0,00",300
10/2022,Tablet_APP_LaCaliente,0,"0,00",1900
10/2022,Tablet_APP_LaLupe,0,"0,00",1600
10/2022,Tablet_APP_NewTDMx,921,"0,99",98800
10/2022,Tablet_APP_RGDeportiva,0,"0,00",900
10/2022,Telediario_APP,187,"0,91",24400
10/2022,mundial_qatar,120,"0,88",40600
11/2022,AMP_MMTelediarioCR,502435,"0,56",62685
11/2022,AMP_NewTelediarioMx,1975048,"0,62",2492295
11/2022,APP_Classic,134,"0,97",30500
11/2022,APP_D99,274,"0,99",73200
11/2022,APP_FMtu,143,"0,83",31800
11/2022,APP_Hits,361,"0,85",62300
11/2022,APP_LaCaliente,422,"0,86",80300
11/2022,APP_LaLupe,240,"0,95",40800
11/2022,APP_MMTelediarioCR,10918,"0,81",2463
11/2022,APP_NewTDMx,205241,"0,84",51464
11/2022,APP_RGLaDeportiva,192,"0,95",34100
11/2022,Default,11247,"0,67",2012
11/2022,MMCostaRica,5,"0,00",1600
11/2022,MMDigital,12832930,"0,35",16659456
11/2022,MMDigital_App,3,"0,67",1100
11/2022,MMDigital_Passback,50548,"0,10",9955
11/2022,MMLaguna,5953,"0,89",918
11/2022,MMLaguna_App,222,"0,85",32700
11/2022,MMPuebla,1258,"0,87",202
11/2022,MMRadio,254743,"0,45",33281
11/2022,MMTelediarioCR,5306373,"0,26",12214261
11/2022,Multimedios_APP,112625,"0,90",18836
11/2022,Multimedios_Radio,77246,"0,87",8441
11/2022,NewTelediarioMx,17056196,"0,24",21726142
11/2022,Tablet_APP_Classic,0,"0,00",400
11/2022,Tablet_APP_D99,0,"0,00",24700
11/2022,Tablet_APP_FMtu,0,"0,00",1200
11/2022,Tablet_APP_Hits,0,"0,00",1200
11/2022,Tablet_APP_LaCaliente,0,"0,00",3600
11/2022,Tablet_APP_LaLupe,0,"0,00",2300
11/2022,Tablet_APP_NewTDMx,966,"0,98",109
11/2022,Tablet_APP_RGDeportiva,0,"0,00",800
11/2022,Telediario_APP,219,"0,92",28900
11/2022,mundial_qatar,84698,"0,73",17279
12/2022,AMP_MMTelediarioCR,302463,"0,58",39886
12/2022,AMP_NewTelediarioMx,1258632,"0,66",1832451
12/2022,APP_Classic,0,"0,00",33000
12/2022,APP_D99,15,"0,80",83000
12/2022,APP_FMtu,7,"0,57",38100
12/2022,APP_Hits,502,"0,94",92200
12/2022,APP_LaCaliente,70,"0,79",96600
12/2022,APP_LaLupe,55,"0,62",51800
12/2022,APP_MMTelediarioCR,9474,"0,81",2182
12/2022,APP_NewTDMx,17949,"0,85",45289
12/2022,APP_RGLaDeportiva,3,"0,67",44500
12/2022,Default,5596,"0,65",1982
12/2022,MMCostaRica,12,"0,08",3200
12/2022,MMDigital,14827546,"0,48",21183294
12/2022,MMDigital_App,0,"0,00",600
12/2022,MMDigital_Passback,41796,"0,12",10441
12/2022,MMLaguna,10196,"0,90",1601
12/2022,MMLaguna_App,236,"0,79",36600
12/2022,MMPuebla,1371,"0,88",212
12/2022,MMRadio,253633,"0,43",32488
12/2022,MMTelediarioCR,5639151,"0,24",14381817
12/2022,Multimedios_APP,100746,"0,90",17299
12/2022,Multimedios_Radio,44846,"0,85",5975
12/2022,NewTelediarioMx,11834219,"0,27",14906121
12/2022,Tablet_APP_Classic,0,"0,00",500
12/2022,Tablet_APP_D99,0,"0,00",1800
12/2022,Tablet_APP_FMtu,0,"0,00",400
12/2022,Tablet_APP_Hits,0,"0,00",700
12/2022,Tablet_APP_LaCaliente,0,"0,00",1200
12/2022,Tablet_APP_LaLupe,0,"0,00",1900
12/2022,Tablet_APP_NewTDMx,838,"0,98",91700
12/2022,Tablet_APP_RGDeportiva,0,"0,00",300
12/2022,Telediario_APP,162,"0,94",21500
12/2022,mundial_qatar,32942,"0,83",6809
01/2023,AMP_MMTelediarioCR,254179,"0,61",38545
01/2023,AMP_NewTelediarioMx,2285929,"0,62",3302687
01/2023,APP_Classic,43,"1,00",16700
01/2023,APP_D99,30,"0,97",15900
01/2023,APP_FMtu,16,"0,94",8000
01/2023,APP_Hits,31,"1,00",15100
01/2023,APP_LaCaliente,183,"0,94",61600
01/2023,APP_LaLupe,35,"1,00",16300
01/2023,APP_MMTelediarioCR,11247,"0,83",2606
01/2023,APP_NewTDMx,207263,"0,81",57298
01/2023,APP_RGLaDeportiva,21,"1,00",10200
01/2023,Default,7904,"0,69",7628
01/2023,MMCostaRica,15,"0,00",5300
01/2023,MMDigital,9033431,"0,47",11655927
01/2023,MMDigital_App,2,"0,00",300
01/2023,MMDigital_Passback,70998,"0,08",16447
01/2023,MMLaguna,3179,"0,84",1681
01/2023,MMLaguna_App,341,"0,86",49000
01/2023,MMPuebla,792,"0,92",208
01/2023,MMRadio,310456,"0,45",41554
01/2023,MMTelediarioCR,4433803,"0,26",10708711
01/2023,Multimedios_APP,8103,"0,87",20051
01/2023,Multimedios_Radio,87199,"0,89",9227
01/2023,NewTelediarioMx,13748417,"0,28",17486411
01/2023,Tablet_APP_Classic,0,"0,00",400
01/2023,Tablet_APP_D99,0,"0,00",2000
01/2023,Tablet_APP_FMtu,0,"0,00",1200
01/2023,Tablet_APP_Hits,0,"0,00",400
01/2023,Tablet_APP_LaCaliente,0,"0,00",5400
01/2023,Tablet_APP_LaLupe,0,"0,00",800
01/2023,Tablet_APP_NewTDMx,1015,"0,98",107
01/2023,Tablet_APP_RGDeportiva,0,"0,00",1000
01/2023,Telediario_APP,152,"0,91",20900
01/2023,mundial_qatar,6,"0,67",1600
02/2023,AMP_MMTelediarioCR,46499,"0,57",60354
02/2023,AMP_NewTelediarioMx,2912467,"0,63",4608063
02/2023,APP_Classic,2,"1,00",2600
02/2023,APP_D99,2,"1,00",5200
02/2023,APP_FMtu,3,"1,00",3900
02/2023,APP_Hits,2,"1,00",2600
02/2023,APP_LaCaliente,2,"1,50",6800
02/2023,APP_LaLupe,2,"1,00",5100
02/2023,APP_MMTelediarioCR,1199,"0,86",2387
02/2023,APP_NewTDMx,190659,"0,81",49928
02/2023,APP_RGLaDeportiva,104,"0,92",34700
02/2023,Default,7654,"0,73",11299
02/2023,MMCostaRica,11,"0,00",5600
02/2023,MMDigital,8841824,"0,47",11851405
02/2023,MMDigital_App,0,"0,00",100
02/2023,MMDigital_Passback,12615,"0,08",3002
02/2023,MMLaguna,4298,"0,79",1200
02/2023,MMLaguna_App,276,"0,72",40700
02/2023,MMPuebla,143,"0,89",164
02/2023,MMRadio,212953,"0,47",34865
02/2023,MMTelediarioCR,4792067,"0,29",9825361
02/2023,Multimedios_APP,103783,"0,88",20188
02/2023,Multimedios_Radio,9235,"0,85",9596
02/2023,NewTelediarioMx,12308859,"0,27",14976509
02/2023,Tablet_APP_Classic,0,"0,00",1500
02/2023,Tablet_APP_D99,0,"0,00",3100
02/2023,Tablet_APP_FMtu,0,"0,00",1000
02/2023,Tablet_APP_Hits,0,"0,00",300
02/2023,Tablet_APP_LaCaliente,0,"0,00",4100
02/2023,Tablet_APP_LaLupe,6,"1,00",2900
02/2023,Tablet_APP_NewTDMx,914,"1,01",96400
02/2023,Tablet_APP_RGDeportiva,0,"0,00",1600
02/2023,Telediario_APP,152,"0,93",20700
02/2023,mundial_qatar,3,"0,00",600
03/2023,AMP_MMTelediarioCR,435588,"0,58",57943
03/2023,AMP_NewTelediarioMx,6398705,"0,63",9977746
03/2023,APP_Classic,1,"1,00",900
03/2023,APP_D99,2,"1,00",2800
03/2023,APP_FMtu,5,"1,00",2300
03/2023,APP_Hits,8,"0,88",2800
03/2023,APP_LaCaliente,3,"1,00",2800
03/2023,APP_LaLupe,4,"1,00",4200
03/2023,APP_MMTelediarioCR,12783,"0,85",2792
03/2023,APP_NewTDMx,22844,"0,80",55766
03/2023,APP_RGLaDeportiva,5,"0,80",2500
03/2023,Default,6454,"0,67",5922
03/2023,Hotsale_slide,439,"0,93",44000
03/2023,MMCostaRica,0,"0,00",700
03/2023,MMDigital,8467764,"0,38",11070053
03/2023,MMDigital_App,1,"0,00",100
03/2023,MMDigital_Passback,1,"0,00",600
03/2023,MMLaguna,5011,"0,77",770
03/2023,MMLaguna_App,294,"0,74",40600
03/2023,MMPuebla,1722,"0,79",201
03/2023,MMRadio,208468,"0,47",35537
03/2023,MMTelediarioCR,4771575,"0,30",9899366
03/2023,MultimediosTest,2,"0,50",500
03/2023,Multimedios_APP,110588,"0,89",20857
03/2023,Multimedios_Radio,102014,"0,85",10535
03/2023,NewTelediarioMx,21331803,"0,22",26321887
03/2023,Oscars,894,"0,56",123
03/2023,Tablet_APP_Classic,0,"0,00",200
03/2023,Tablet_APP_D99,5,"1,00",1900
03/2023,Tablet_APP_FMtu,1,"1,00",200
03/2023,Tablet_APP_LaCaliente,0,"0,00",1100
03/2023,Tablet_APP_LaLupe,1,"1,00",1500
03/2023,Tablet_APP_NewTDMx,1184,"0,98",123
03/2023,Tablet_APP_RGDeportiva,1,"1,00",100
03/2023,Telediario_APP,156,"0,93",21000
03/2023,mundial_qatar,4,"0,25",800
03/2023,test_video_320323,1,"0,00",100
04/2023,AMP_MMTelediarioCR,53437,"0,55",70680
04/2023,AMP_NewTelediarioMx,11171814,"0,62",17612952
04/2023,APP_Classic,10,"0,90",1900
04/2023,APP_D99,3,"1,00",1500
04/2023,APP_FMtu,0,"0,00",200
04/2023,APP_Hits,0,"0,00",700
04/2023,APP_LaCaliente,6,"1,00",3000
04/2023,APP_LaLupe,0,"0,00",900
04/2023,APP_MMTelediarioCR,16181,"0,85",3786
04/2023,APP_NewTDMx,361787,"0,81",96544
04/2023,APP_RGLaDeportiva,4,"1,00",1500
04/2023,Default,5645,"0,56",1060
04/2023,MMDigital,7799928,"0,30",10098003
04/2023,MMDigital_App,3,"0,67",500
04/2023,MMLaguna,3486,"0,85",800
04/2023,MMLaguna_App,240,"0,77",34200
04/2023,MMPuebla,2307,"0,86",332
04/2023,MMRadio,201268,"0,46",32910
04/2023,MMTelediarioCR,6984035,"0,26",14335377
04/2023,Multimedios_APP,96089,"0,89",19117
04/2023,Multimedios_Radio,9079,"0,86",9465
04/2023,NewTelediarioMx,40375608,"0,19",49272158
04/2023,Oscars,2,"0,50",400
04/2023,Tablet_APP_D99,0,"0,00",400
04/2023,Tablet_APP_FMtu,1,"1,00",200
04/2023,Tablet_APP_Hits,0,"0,00",400
04/2023,Tablet_APP_LaCaliente,0,"0,00",700
04/2023,Tablet_APP_NewTDMx,1107,"1,00",117
04/2023,Telediario_APP,103,"0,94",13600
04/2023,mundial_qatar,1,"0,00",200
04/2023,test_video_320323,55532,"0,78",12337
05/2023,AMP_MMTelediarioCR,1416284,"0,51",1728723
05/2023,AMP_NewTelediarioMx,8915722,"0,59",13836643
05/2023,APP_Classic,34,"0,97",4200
05/2023,APP_D99,75,"0,95",10800
05/2023,APP_FMtu,20,"1,00",3000
05/2023,APP_Hits,9,"1,00",4700
05/2023,APP_LaCaliente,9,"1,00",4700
05/2023,APP_LaLupe,12,"1,00",3700
05/2023,APP_MMTelediarioCR,14463,"0,85",4688
05/2023,APP_NewTDMx,376129,"0,81",1031878
05/2023,APP_RGLaDeportiva,29,"0,93",4200
05/2023,Bloque_Hotsale_TD,134786,"0,37",13594
05/2023,Default,6515,"0,58",1567
05/2023,Hotsale_slide,48444817,"0,08",51017651
05/2023,MMCostaRica,628,"0,02",139
05/2023,MMDigital,6975495,"0,32",9433397
05/2023,MMLaguna,7759,"0,85",1378
05/2023,MMLaguna_App,337,"0,83",48000
05/2023,MMPuebla,3004,"0,85",456
05/2023,MMRadio,217654,"0,46",35111
05/2023,MMTelediarioCR,6004432,"0,32",10141140
05/2023,Multimedios_APP,106937,"0,88",21005
05/2023,Multimedios_Radio,18606,"0,91",20013
05/2023,NewTelediarioMx,42245809,"0,19",48753099
05/2023,New_MM_Television,877,"0,39",154
05/2023,Tablet_APP_Classic,36,"0,89",6000
05/2023,Tablet_APP_D99,140,"0,95",28500
05/2023,Tablet_APP_FMtu,3,"1,00",800
05/2023,Tablet_APP_Hits,9,"0,67",2700
05/2023,Tablet_APP_LaCaliente,2,"1,00",3400
05/2023,Tablet_APP_LaLupe,29,"0,93",3900
05/2023,Tablet_APP_NewTDMx,1043,"0,99",115
05/2023,Tablet_APP_RGDeportiva,11,"0,91",3400
05/2023,Telediario_APP,103,"0,92",12800
05/2023,test_video_320323,45823,"0,83",12743
06/2023,AMP_MMTelediarioCR,474609,"0,52",61178
06/2023,AMP_NewTelediarioMx,8071042,"0,57",13034900
06/2023,APP_Classic,1,"1,00",300
06/2023,APP_D99,8,"1,00",2400
06/2023,APP_FMtu,4,"1,00",1100
06/2023,APP_Hits,0,"0,00",1200
06/2023,APP_LaCaliente,0,"0,00",3100
06/2023,APP_LaLupe,0,"0,00",1500
06/2023,APP_MMTelediarioCR,13858,"0,85",4232
06/2023,APP_NewTDMx,322083,"0,82",94911
06/2023,APP_RGLaDeportiva,3,"1,00",1300
06/2023,Bloque_Hotsale_TD,148019,"0,38",15912
06/2023,Default,4972,"0,61",1401
06/2023,Hotsale_slide,13435779,"0,08",14877660
06/2023,MMCostaRica,560,"0,05",146
06/2023,MMDigital,3805050,"0,36",6358674
06/2023,MMLaguna,2377,"0,75",386
06/2023,MMLaguna_App,201,"0,81",29600
06/2023,MMPuebla,2062,"0,70",282
06/2023,MMRadio,15984,"0,48",30605
06/2023,MMTelediarioCR,6118436,"0,28",10755117
06/2023,Multimedios_APP,103904,"0,90",17892
06/2023,Multimedios_Radio,74671,"0,90",8281
06/2023,NewTelediarioMx,28253504,"0,21",33597023
06/2023,New_MM_Television,3295,"0,57",480
06/2023,Tablet_APP_Classic,1,"1,00",500
06/2023,Tablet_APP_D99,0,"0,00",400
06/2023,Tablet_APP_FMtu,1,"1,00",200
06/2023,Tablet_APP_LaCaliente,0,"0,00",1800
06/2023,Tablet_APP_LaLupe,0,"0,00",400
06/2023,Tablet_APP_NewTDMx,1326,"0,98",140
06/2023,Telediario_APP,79,"0,86",10200
06/2023,mundial_qatar,0,"0,00",200
06/2023,test_video_320323,30714,"0,87",8379
07/2023,AMP_MMTelediarioCR,237512,"0,51",32456
07/2023,AMP_NewTelediarioMx,5507570,"0,57",8424600
07/2023,APP_D99,2,"1,00",1200
07/2023,APP_FMtu,5,"1,00",1000
07/2023,APP_Hits,0,"0,00",600
07/2023,APP_LaCaliente,0,"0,00",900
07/2023,APP_LaLupe,0,"0,00",900
07/2023,APP_MMTelediarioCR,12955,"0,85",4096
07/2023,APP_NewTDMx,246177,"0,80",98021
07/2023,APP_RGLaDeportiva,1,"1,00",300
07/2023,Bloque_Hotsale_TD,0,"0,00",600
07/2023,Default,6747,"0,56",2807
07/2023,Hotsale_slide,0,"0,00",3796
07/2023,MMCostaRica,391,"0,01",115
07/2023,MMDigital,3608478,"0,38",6425545
07/2023,MMDigital_App,4,"0,00",600
07/2023,MMLaguna,171,"0,56",249
07/2023,MMLaguna_App,265,"0,77",36000
07/2023,MMPuebla,2426,"0,47",378
07/2023,MMRadio,162914,"0,50",29290
07/2023,MMTelediarioCR,4511054,"0,27",7859029
07/2023,Multimedios_APP,97175,"0,89",17193
07/2023,Multimedios_Radio,97074,"0,92",10235
07/2023,NewTelediarioMx,26407279,"0,21",30623973
07/2023,New_MM_Television,15507,"0,41",2444
07/2023,Tablet_APP_Classic,2,"1,00",800
07/2023,Tablet_APP_LaCaliente,0,"0,00",300
07/2023,Tablet_APP_NewTDMx,969,"0,98",142
07/2023,Telediario_APP,46,"0,89",11200
07/2023,test_video_320323,23846,"0,85",7958
08/2023,AMP_MMTelediarioCR,177608,"0,57",25547
08/2023,AMP_NewTelediarioMx,3547449,"0,61",5588262
08/2023,APP_Classic,39,"1,00",5100
08/2023,APP_D99,39,"1,00",8700
08/2023,APP_FMtu,88,"0,99",10500
08/2023,APP_Hits,0,"0,00",4800
08/2023,APP_LaCaliente,150,"0,97",21200
08/2023,APP_LaLupe,3,"1,00",3600
08/2023,APP_MMTelediarioCR,12806,"0,79",3746
08/2023,APP_NewTDMx,190541,"0,76",89322
08/2023,APP_RGLaDeportiva,23,"0,91",3500
08/2023,Bloque_Hotsale_TD,81566,"0,40",8540
08/2023,Default,6579,"0,58",3226
08/2023,Hotsale_slide,0,"0,00",1462
08/2023,MMCostaRica,258,"0,06",83900
08/2023,MMDigital,3492770,"0,38",6990120
08/2023,MMLaguna,3245,"0,39",410
08/2023,MMLaguna_App,172,"0,88",26000
08/2023,MMPuebla,3378,"0,32",431
08/2023,MMRadio,167005,"0,50",31414
08/2023,MMTelediarioCR,3018523,"0,30",5234297
08/2023,Multimedios_APP,103594,"0,89",17903
08/2023,Multimedios_Radio,94062,"0,90",10022
08/2023,NewTelediarioMx,23084072,"0,21",26355439
08/2023,New_MM_Television,7687,"0,43",2002
08/2023,Tablet_APP_Classic,30,"0,97",5400
08/2023,Tablet_APP_D99,54,"0,98",13400
08/2023,Tablet_APP_Hits,0,"0,00",1100
08/2023,Tablet_APP_LaCaliente,0,"0,00",3100
08/2023,Tablet_APP_LaLupe,0,"0,00",1100
08/2023,Tablet_APP_NewTDMx,870,"0,98",142
08/2023,Tablet_APP_RGDeportiva,14,"1,00",1500
08/2023,Telediario_APP,39,"0,95",9000
08/2023,test_video_320323,36604,"0,87",8447
09/2023,AMP_MMTelediarioCR,245401,"0,59",33844
09/2023,AMP_NewTelediarioMx,3900520,"0,61",6092695
09/2023,APP_Classic,4919,"0,89",598
09/2023,APP_D99,1435,"0,97",165
09/2023,APP_FMtu,2976,"0,94",336
09/2023,APP_Hits,180,"0,95",25000
09/2023,APP_LaCaliente,1111,"0,94",125
09/2023,APP_LaLupe,432,"1,01",47900
09/2023,APP_MMTelediarioCR,9078,"0,85",2875
09/2023,APP_NewMMTV,3277,"0,90",660
09/2023,APP_NewTDMx,204673,"0,77",90699
09/2023,APP_RGLaDeportiva,46116,"0,89",6578
09/2023,Bloque_Hotsale_TD,0,"0,00",600
09/2023,Default,7045,"0,57",2002
09/2023,Hotsale_slide,0,"0,00",1066
09/2023,MMCostaRica,227,"0,07",86000
09/2023,MMDigital,4195296,"0,31",7934365
09/2023,MMLaguna,2382,"0,45",320
09/2023,MMLaguna_App,174,"0,78",25600
09/2023,MMPuebla,2307,"0,33",301
09/2023,MMRadio,184779,"0,49",33448
09/2023,MMTelediarioCR,2693410,"0,32",4796610
09/2023,Multimedios_APP,121432,"0,91",18980
09/2023,Multimedios_Radio,71034,"0,90",7581
09/2023,NewTelediarioMx,23380256,"0,21",26614791
09/2023,New_MM_Television,4168,"0,52",1369
09/2023,Oscars,2,"0,50",200
09/2023,Tablet_APP_Classic,234,"0,83",34500
09/2023,Tablet_APP_D99,63,"0,92",10200
09/2023,Tablet_APP_FMtu,28,"0,93",3400
09/2023,Tablet_APP_Hits,8,"0,88",2900
09/2023,Tablet_APP_LaCaliente,18,"0,78",6200
09/2023,Tablet_APP_LaLupe,13,"1,00",3100
09/2023,Tablet_APP_NewMMTV,1118,"0,87",221
09/2023,Tablet_APP_NewTDMx,891,"0,98",129
09/2023,Tablet_APP_RGDeportiva,809,"0,84",102
09/2023,Telediario_APP,23,"0,91",5900
09/2023,test_video_320323,32467,"0,84",9579
10/2023,AMP_MMTelediarioCR,321563,"0,58",45278
10/2023,AMP_NewTelediarioMx,5124378,"0,61",8174824
10/2023,APP_Classic,10602,"0,91",1326
10/2023,APP_D99,3621,"0,98",415
10/2023,APP_FMtu,323,"0,96",403
10/2023,APP_Hits,459,"0,98",52900
10/2023,APP_LaCaliente,4415,"0,97",481
10/2023,APP_LaLupe,1255,"0,96",146
10/2023,APP_MMTelediarioCR,9419,"0,84",2907
10/2023,APP_NewMMTV,6308,"0,91",13724
10/2023,APP_NewTDMx,425418,"0,80",1152130
10/2023,APP_RGLaDeportiva,71817,"0,90",13878
10/2023,Default,10074,"0,51",20670
10/2023,Hotsale_slide,975,"0,03",1116
10/2023,MMCostaRica,215,"0,02",99800
10/2023,MMDigital,3565105,"0,33",7362624
10/2023,MMDigital_App,4,"0,75",600
10/2023,MMLaguna,1319,"0,51",193
10/2023,MMLaguna_App,183,"0,66",26500
10/2023,MMPuebla,2196,"0,41",246
10/2023,MMRadio,194666,"0,50",36079
10/2023,MMTelediarioCR,3871561,"0,29",7383217
10/2023,MultimediosTest,0,"0,00",300
10/2023,Multimedios_APP,11724,"0,93",17285
10/2023,Multimedios_Radio,78923,"0,89",8545
10/2023,NewTelediarioMx,24576452,"0,19",35046862
10/2023,New_MM_Television,41751,"0,39",1050823
10/2023,Tablet_APP_Classic,413,"0,84",65400
10/2023,Tablet_APP_D99,38,"0,89",6300
10/2023,Tablet_APP_FMtu,29,"0,86",4600
10/2023,Tablet_APP_Hits,3,"0,67",400
10/2023,Tablet_APP_LaCaliente,35,"0,74",6600
10/2023,Tablet_APP_LaLupe,68,"0,99",7900
10/2023,Tablet_APP_NewMMTV,6327,"0,89",1505
10/2023,Tablet_APP_NewTDMx,775,"0,98",118
10/2023,Tablet_APP_RGDeportiva,1493,"0,82",194
10/2023,Telediario_APP,42,"0,98",10300
10/2023,test_video_320323,34038,"0,79",8103
11/2023,AMP_MMTelediarioCR,292065,"0,58",42195
11/2023,AMP_NewTelediarioMx,5302200,"0,59",8314878
11/2023,APP_Classic,13873,"0,93",1608
11/2023,APP_D99,3595,"0,98",410
11/2023,APP_FMtu,179,"0,96",219
11/2023,APP_Hits,590,"0,96",68600
11/2023,APP_LaCaliente,6412,"0,97",694
11/2023,APP_LaLupe,266,"0,96",296
11/2023,APP_MMTelediarioCR,7606,"0,90",2379
11/2023,APP_NewMMTV,133666,"0,92",40277
11/2023,APP_NewTDMx,349369,"0,81",1040267
11/2023,APP_RGLaDeportiva,10751,"0,95",17746
11/2023,Default,8636,"0,67",3598
11/2023,Hotsale_slide,1458,"0,04",724
11/2023,MMCostaRica,168,"0,03",64600
11/2023,MMDigital,747561,"0,60",1125526
11/2023,MMDigital_App,1,"0,00",200
11/2023,MMLaguna,1772,"0,43",228
11/2023,MMLaguna_App,33,"0,94",4100
11/2023,MMPuebla,2118,"0,49",238
11/2023,MMRadio,269396,"0,52",55208
11/2023,MMTelediarioCR,2551664,"0,30",4764146
11/2023,Multimedios_APP,6378,"0,96",849
11/2023,Multimedios_Radio,73428,"0,90",8177
11/2023,NewTelediarioMx,25658924,"0,21",30016677
11/2023,New_MM_Television,1326111,"0,45",5766677
11/2023,Oscars,2,"0,50",600
11/2023,Tablet_APP_Classic,423,"0,83",62400
11/2023,Tablet_APP_D99,42,"0,83",7400
11/2023,Tablet_APP_FMtu,7,"1,14",1600
11/2023,Tablet_APP_Hits,6,"0,83",700
11/2023,Tablet_APP_LaCaliente,12,"0,92",1800
11/2023,Tablet_APP_LaLupe,201,"0,91",22800
11/2023,Tablet_APP_NewMMTV,1302,"0,91",3978
11/2023,Tablet_APP_NewTDMx,623,"0,97",97700
11/2023,Tablet_APP_RGDeportiva,1407,"0,85",176
11/2023,Telediario_APP,24,"0,75",9300
11/2023,test_video_320323,1965,"0,86",3810
12/2023,AMP_MMTelediarioCR,472593,"0,59",65439
12/2023,AMP_NewTelediarioMx,4726963,"0,61",7278697
12/2023,APP_Classic,1128,"0,92",1312
12/2023,APP_D99,396,"0,98",448
12/2023,APP_FMtu,133,"0,98",163
12/2023,APP_Hits,674,"0,97",81000
12/2023,APP_LaCaliente,5092,"0,96",546
12/2023,APP_LaLupe,3049,"0,96",331
12/2023,APP_MMTelediarioCR,6437,"0,86",1844
12/2023,APP_NewMMTV,97685,"0,90",40043
12/2023,APP_NewTDMx,294281,"0,80",89402
12/2023,APP_RGLaDeportiva,124593,"0,94",21007
12/2023,Default,7734,"0,62",3344
12/2023,Hotsale_slide,1255,"0,03",352
12/2023,MMCostaRica,193,"0,02",53300
12/2023,MMDigital,681487,"0,65",1003617
12/2023,MMDigital_App,2,"0,50",300
12/2023,MMLaguna,2362,"0,40",281
12/2023,MMLaguna_App,21,"1,00",3700
12/2023,MMPuebla,1797,"0,29",198
12/2023,MMRadio,31022,"0,55",62292
12/2023,MMTelediarioCR,2440656,"0,30",4479194
12/2023,Multimedios_APP,3016,"0,95",387
12/2023,Multimedios_Radio,106239,"0,91",11432
12/2023,NewTelediarioMx,27461301,"0,18",31567759
12/2023,New_MMRadio,1016,"0,68",245
12/2023,New_MM_Television,831496,"0,38",2630137
12/2023,Tablet_APP_Classic,227,"0,86",36800
12/2023,Tablet_APP_D99,40,"0,90",5700
12/2023,Tablet_APP_FMtu,29,"0,97",3200
12/2023,Tablet_APP_Hits,3,"0,67",300
12/2023,Tablet_APP_LaCaliente,50,"0,90",10200
12/2023,Tablet_APP_LaLupe,186,"0,93",21500
12/2023,Tablet_APP_NewMMTV,12543,"0,88",4275
12/2023,Tablet_APP_NewTDMx,612,"0,98",106
12/2023,Tablet_APP_RGDeportiva,1768,"0,86",218
12/2023,Telediario_APP,22,"0,95",7300
12/2023,test_video_320323,24684,"0,90",3451
01/2024,AMP_MMTelediarioCR,459686,"0,56",62651
01/2024,AMP_NewTelediarioMx,6769020,"0,62",10562517
01/2024,APP_Classic,12358,"0,92",1527
01/2024,APP_D99,3989,"0,96",456
01/2024,APP_FMtu,1118,"0,96",149
01/2024,APP_Hits,667,"0,96",98900
01/2024,APP_LaCaliente,6393,"0,97",692
01/2024,APP_LaLupe,3133,"0,96",342
01/2024,APP_MMTelediarioCR,7078,"0,76",2088
01/2024,APP_NewMMTV,14474,"0,89",50189
01/2024,APP_NewTDMx,338161,"0,79",94318
01/2024,APP_RGLaDeportiva,107363,"0,94",17053
01/2024,Default,9463,"0,61",4292
01/2024,Hotsale_slide,275,"0,07",204
01/2024,MMCostaRica,192,"0,06",65600
01/2024,MMDigital,605479,"0,18",1314163
01/2024,MMLaguna,7322,"0,24",959
01/2024,MMLaguna_App,21,"1,00",2900
01/2024,MMPuebla,2069,"0,42",232
01/2024,MMRadio,290328,"0,56",64159
01/2024,MMTelediarioCR,3786245,"0,22",6482668
01/2024,Multimedios_APP,2006,"0,95",265
01/2024,Multimedios_Radio,79351,"0,90",8369
01/2024,NewTelediarioMx,24351505,"0,22",33174598
01/2024,New_MMRadio,4756,"0,56",607
01/2024,New_MM_Television,766918,"0,36",2639988
01/2024,Tablet_APP_Classic,316,"0,81",50600
01/2024,Tablet_APP_D99,83,"0,92",11700
01/2024,Tablet_APP_FMtu,10,"0,80",1000
01/2024,Tablet_APP_Hits,5,"1,00",700
01/2024,Tablet_APP_LaCaliente,89,"0,87",17900
01/2024,Tablet_APP_LaLupe,116,"0,98",13600
01/2024,Tablet_APP_NewMMTV,12838,"0,87",4878
01/2024,Tablet_APP_NewTDMx,1645,"0,80",246
01/2024,Tablet_APP_RGDeportiva,1359,"0,88",173
01/2024,Telediario_APP,34,"0,97",8200
01/2024,test_video_320323,30885,"0,93",3928
02/2024,AMP_MMTelediarioCR,512264,"0,53",70695
02/2024,AMP_NewTelediarioMx,4967329,"0,60",7770306
02/2024,APP_Classic,13147,"0,93",1599
02/2024,APP_D99,4824,"0,98",566
02/2024,APP_FMtu,102,"0,95",129
02/2024,APP_Hits,977,"0,98",128
02/2024,APP_LaCaliente,695,"0,96",821
02/2024,APP_LaLupe,3392,"0,96",371
02/2024,APP_MMTelediarioCR,5363,"0,87",1633
02/2024,APP_NewMMTV,113448,"0,85",47325
02/2024,APP_NewTDMx,309394,"0,80",77670
02/2024,APP_RGLaDeportiva,101598,"0,94",15763
02/2024,Default,7376,"0,68",2452
02/2024,Hotsale_slide,48,"0,08",86000
02/2024,MMCostaRica,189,"0,04",53200
02/2024,MMDigital,46722,"0,24",1088329
02/2024,MMLaguna,1234,"0,57",176
02/2024,MMLaguna_App,5,"0,80",900
02/2024,MMPuebla,2186,"0,54",245
02/2024,MMRadio,15474,"0,49",33211
02/2024,MMTelediarioCR,3450314,"0,24",6421449
02/2024,MultimediosTest,0,"0,00",200
02/2024,Multimedios_APP,1174,"0,94",164
02/2024,Multimedios_Radio,46365,"0,90",4874
02/2024,NewTelediarioMx,16335158,"0,32",28453361
02/2024,New_MMRadio,76335,"0,60",21883
02/2024,New_MM_Television,753297,"0,34",2047580
02/2024,Tablet_APP_Classic,380,"0,90",61900
02/2024,Tablet_APP_D99,62,"0,95",8700
02/2024,Tablet_APP_FMtu,6,"0,83",600
02/2024,Tablet_APP_Hits,8,"0,88",1600
02/2024,Tablet_APP_LaCaliente,100,"0,86",16100
02/2024,Tablet_APP_LaLupe,193,"0,95",56900
02/2024,Tablet_APP_NewMMTV,11703,"0,85",4782
02/2024,Tablet_APP_NewTDMx,9218,"0,72",1366
02/2024,Tablet_APP_RGDeportiva,1408,"0,88",172
02/2024,Telediario_APP,19,"0,89",6200
02/2024,test_video_320323,2234,"0,94",2886
03/2024,AMP_MMTelediarioCR,836493,"0,49",1112844
03/2024,AMP_NewTelediarioMx,4446748,"0,56",6948205
03/2024,APP_Classic,13376,"0,92",1627
03/2024,APP_D99,5173,"0,98",606
03/2024,APP_FMtu,950,"0,97",121
03/2024,APP_Hits,1648,"0,96",215
03/2024,APP_LaCaliente,8038,"0,96",1088
03/2024,APP_LaLupe,4664,"0,97",508
03/2024,APP_MMTelediarioCR,8627,"0,86",2008
03/2024,APP_NewMMTV,113349,"0,86",46997
03/2024,APP_NewTDMx,250905,"0,80",53139
03/2024,APP_RGLaDeportiva,105502,"0,94",16360
03/2024,Default,8413,"0,61",6478
03/2024,Hotsale_slide,166,"0,01",90000
03/2024,MMCostaRica,150,"0,02",38000
03/2024,MMDigital,402238,"0,29",1182693
03/2024,MMLaguna,495,"0,56",70900
03/2024,MMLaguna_App,6,"1,00",1000
03/2024,MMPuebla,1828,"0,56",209
03/2024,MMRadio,158,"0,42",31400
03/2024,MMTelediarioCR,5308736,"0,22",9757970
03/2024,Multimedios_APP,994,"0,94",140
03/2024,Multimedios_Radio,70,"0,63",7200
03/2024,NewTelediarioMx,21316874,"0,29",41834639
03/2024,New_MMRadio,124605,"0,71",58600
03/2024,New_MM_Television,823444,"0,34",2149704
03/2024,Oscars,0,"0,00",200
03/2024,Tablet_APP_Classic,323,"0,89",51000
03/2024,Tablet_APP_D99,59,"0,95",8100
03/2024,Tablet_APP_FMtu,3,"0,67",300
03/2024,Tablet_APP_Hits,6,"1,00",800
03/2024,Tablet_APP_LaCaliente,58,"0,86",8900
03/2024,Tablet_APP_LaLupe,195,"0,94",22900
03/2024,Tablet_APP_NewMMTV,1295,"0,85",4685
03/2024,Tablet_APP_NewTDMx,12619,"0,75",2208
03/2024,Tablet_APP_RGDeportiva,1412,"0,89",181
03/2024,Telediario_APP,47,"0,91",7800
03/2024,test_video_320323,24749,"0,95",2835
04/2024,AMP_MMTelediarioCR,743926,"0,52",1026145
04/2024,AMP_NewTelediarioMx,5257386,"0,60",8120701
04/2024,APP_Classic,12935,"0,93",1599
04/2024,APP_D99,6432,"0,97",741
04/2024,APP_FMtu,912,"0,96",124
04/2024,APP_Hits,1627,"0,98",202
04/2024,APP_LaCaliente,7933,"0,97",927
04/2024,APP_LaLupe,5535,"0,97",612
04/2024,APP_MMTelediarioCR,15535,"0,84",3439
04/2024,APP_NewMMTV,230756,"0,89",50444
04/2024,APP_NewTDMx,274929,"0,79",54498
04/2024,APP_RGLaDeportiva,152011,"0,95",24060
04/2024,Bloque_Hotsale_TD,75,"0,49",15000
04/2024,Default,8885,"0,63",6889
04/2024,Hotsale_slide,56,"0,00",44000
04/2024,MMCostaRica,136,"0,06",46700
04/2024,MMDigital,373273,"0,30",1373277
04/2024,MMDigital_App,2,"0,00",200
04/2024,MMLaguna,428,"0,58",57700
04/2024,MMLaguna_App,16,"1,00",2000
04/2024,MMPuebla,4668,"0,60",560
04/2024,MMRadio,74,"0,22",18800
04/2024,MMTelediarioCR,6954913,"0,19",12803913
04/2024,Multimedios_APP,871,"0,93",118
04/2024,Multimedios_Radio,28,"0,75",3000
04/2024,NewTelediarioMx,24669334,"0,27",47374116
04/2024,New_MMRadio,145977,"0,78",64669
04/2024,New_MM_Television,855286,"0,43",2799622
04/2024,Tablet_APP_Classic,283,"0,92",41100
04/2024,Tablet_APP_D99,101,"0,97",13200
04/2024,Tablet_APP_LaCaliente,77,"0,90",11200
04/2024,Tablet_APP_LaLupe,234,"0,98",26500
04/2024,Tablet_APP_NewMMTV,29093,"0,89",4923
04/2024,Tablet_APP_NewTDMx,13618,"0,75",2546
04/2024,Tablet_APP_RGDeportiva,1888,"0,90",229
04/2024,Telediario_APP,28,"1,00",8600
04/2024,test_video_320323,30677,"0,96",3632
05/2024,AMP_MMTelediarioCR,886853,"0,52",1266518
05/2024,AMP_NewTelediarioMx,4865289,"0,60",7732578
05/2024,APP_Besame,574,"0,94",120
05/2024,APP_Classic,13103,"0,95",1718
05/2024,APP_D99,4122,"0,98",580
05/2024,APP_FMtu,807,"0,96",116
05/2024,APP_Hits,1779,"0,98",240
05/2024,APP_Kebuena,175,"0,94",26000
05/2024,APP_LaCaliente,8413,"0,96",1303
05/2024,APP_LaGranAW,278,"0,96",56100
05/2024,APP_LaLupe,5097,"0,96",646
05/2024,APP_Los40,145,"0,94",30700
05/2024,APP_MMTelediarioCR,20554,"0,81",4186
05/2024,APP_NewMMTV,227635,"0,90",42233
05/2024,APP_NewTDMx,298607,"0,78",55712
05/2024,APP_RGLaDeportiva,135587,"0,95",21859
05/2024,Ad Exchange Mobile In-App,0,"0,00",10000
05/2024,Bloque_Hotsale_TD,59,"0,90",14400
05/2024,Default,7148,"0,69",3034
05/2024,Hotsale_slide,12392978,"0,10",17691368
05/2024,MMCostaRica,89,"0,00",32600
05/2024,MMDigital,593932,"0,59",1561774
05/2024,MMDigital_App,3,"0,67",700
05/2024,MMLaguna,408,"0,68",58900
05/2024,MMLaguna_App,2,"1,00",600
05/2024,MMPuebla,506,"0,66",744
05/2024,MMRadio,38,"0,37",10200
05/2024,MMTelediarioCR,6514105,"0,20",12877942
05/2024,Multimedios_APP,769,"0,93",108
05/2024,Multimedios_Radio,22,"0,77",3200
05/2024,NewTelediarioMx,22590492,"0,27",39557905
05/2024,New_MMRadio,139651,"0,77",56449
05/2024,New_MM_Television,934733,"0,44",3100173
05/2024,Oscars,2,"0,50",400
05/2024,Tablet_APP_Besame,14,"1,00",2900
05/2024,Tablet_APP_Classic,403,"0,90",63200
05/2024,Tablet_APP_D99,64,"0,95",25600
05/2024,Tablet_APP_FMtu,15,"1,00",1900
05/2024,Tablet_APP_Hits,21,"1,00",2500
05/2024,Tablet_APP_Kebuena,3,"0,67",300
05/2024,Tablet_APP_LaCaliente,31,"0,97",8300
05/2024,Tablet_APP_LaGranAW,0,"0,00",300
05/2024,Tablet_APP_LaLupe,167,"0,98",21300
05/2024,Tablet_APP_Los40,0,"0,00",200
05/2024,Tablet_APP_NewMMTV,25066,"0,89",4679
05/2024,Tablet_APP_NewTDMx,13756,"0,78",2878
05/2024,Tablet_APP_RGDeportiva,1326,"0,90",192
05/2024,Telediario_APP,20,"0,95",4500
05/2024,test_video_320323,3018,"0,96",3590
06/2024,AMP_MMTelediarioCR,595505,"0,51",89909
06/2024,AMP_NewTelediarioMx,4708968,"0,55",8163505
06/2024,APP_Besame,265,"0,95",51800
06/2024,APP_Classic,7382,"0,95",1181
06/2024,APP_D99,1681,"0,97",314
06/2024,APP_FMtu,523,"0,96",83100
06/2024,APP_Hits,883,"0,96",164
06/2024,APP_Kebuena,540,"0,99",106
06/2024,APP_LaCaliente,5554,"0,97",1108
06/2024,APP_LaGranAW,377,"1,00",61300
06/2024,APP_LaLupe,2787,"0,97",438
06/2024,APP_Los40,268,"0,97",44200
06/2024,APP_MMTelediarioCR,13056,"0,85",2489
06/2024,APP_NewMMTV,164578,"0,90",35205
06/2024,APP_NewTDMx,189017,"0,78",42207
06/2024,APP_RGLaDeportiva,61476,"0,94",9646
06/2024,Default,2869,"0,83",935
06/2024,Hotsale_slide,328,"0,13",3434
06/2024,MMCostaRica,4,"0,25",13900
06/2024,MMDigital,460531,"0,43",1210502
06/2024,MMLaguna,133,"0,30",179
06/2024,MMLaguna_App,3,"1,00",1200
06/2024,MMPuebla,3197,"0,62",416
06/2024,MMRadio,2,"1,00",1500
06/2024,MMTelediarioCR,2231652,"0,37",8109830
06/2024,Multimedios_APP,464,"0,94",81900
06/2024,Multimedios_Radio,88,"0,88",13000
06/2024,NewTelediarioMx,14483951,"0,34",28615493
06/2024,New_MMRadio,77994,"0,74",30998
06/2024,New_MM_Television,693017,"0,46",2698640
06/2024,Tablet_APP_Besame,4,"1,00",5500
06/2024,Tablet_APP_Classic,249,"0,87",51600
06/2024,Tablet_APP_D99,26,"0,96",19300
06/2024,Tablet_APP_FMtu,50,"0,94",36300
06/2024,Tablet_APP_Hits,5,"1,00",800
06/2024,Tablet_APP_Kebuena,6,"1,00",1600
06/2024,Tablet_APP_LaCaliente,24,"0,96",8800
06/2024,Tablet_APP_LaGranAW,4,"1,00",2000
06/2024,Tablet_APP_LaLupe,60,"0,95",14800
06/2024,Tablet_APP_Los40,0,"0,00",1300
06/2024,Tablet_APP_NewMMTV,14911,"0,88",3866
06/2024,Tablet_APP_NewTDMx,6307,"0,73",1625
06/2024,Tablet_APP_RGDeportiva,588,"0,88",115
06/2024,Telediario_APP,7,"1,00",2300
06/2024,YouTube_New_TDCR,0,"0,00",200
06/2024,YouTube_New_TDMX,29,"0,60",5900
06/2024,test_video_320323,24068,"0,96",2934
